Designator,Footprint,Quantity,Value,LCSC Part #
"C1, C24, C28, C7, C8, C9",0603,6,1uF,C1592
"C10, C2",0805,2,10uF,C1713
"C11, C12, C14, C3, C4, C6",0603,6,4.7uF,C1705
"C13, C15, C16, C17, C18, C19, C20, C21, C22, C23, C25, C26, C27, C5",0603,14,100nF,C1590
"D1, D2",0603,2,LED,C2286
"D10, D11, D12, D13, D14, D3, D4, D5, D6, D7, D8, D9",LED_SK6812MINI-E_3.2x2.8mm_P1.5mm_ReverseMount,12,SK6812MINI-E,C5149201
"J2, J4",USB_C_Receptacle_HRO_TYPE-C-31-M-12,2,USB_C_Receptacle_USB2.0_16P,C165948
Q1,SOT-23,1,2N7002,C8545
Q2,SOT-23,1,AO3401A,C478608
"R1, R10, R11, R18, R2",0603,5,100k,C14675
"R12, R13, R14, R15, R17, R3, R4, R5, R6",0603,9,10k,C15401
"R16, R7",0603,2,470R,C23179
R19,0603,1,330R,C22104
"R20, R21, R8, R9",0603,4,5.1k,C14677
"SW1, SW3",SW-SMD_4P-L4.2-W3.4-P2.15-LS5.2,2,SW_Boot,C55200589
"SW2, SW4",SW-TH_MSK12C02,2,SW_SPDT,C431540
"U1, U6",SOT-23-5,2,MCP73831-2-OT,C14879
"U2, U7",WIFIM-SMD_ESP32-C3-MINI-1,2,ESP32-C3-MINI-1-N4X,C41349510
"U4, U9",SOT-23-5,2,AP2112K-3.3,C51118
"U5, U8",SOT-23-6,2,USBLC6-2SC6,C7519
