Designator,Mid X,Mid Y,Rotation,Layer
C1,166.71274,-96.365372,225.0,top
C10,130.3,-69.077,90.0,top
C11,124.625,-66.727,180.0,top
C12,131.975,-49.727,0.0,top
C13,135.3,-68.852,90.0,top
C14,140.0,-55.727,270.0,top
C15,137.301837,-51.533317,230.0,bottom
C16,118.595346,-64.854002,60.0,bottom
C17,147.557256,-87.549335,320.0,bottom
C18,127.579487,-46.918276,180.0,bottom
C19,128.334002,-75.77958,45.0,bottom
C2,171.079126,-89.170561,45.0,top
C20,161.393684,-76.128839,320.0,bottom
C21,118.355482,-52.761846,125.0,bottom
C22,140.949057,-88.163845,45.0,bottom
C23,172.498537,-65.586118,305.0,bottom
C24,122.2,-52.602,0.0,top
C25,156.801837,-49.720683,130.0,bottom
C26,162.912895,-47.717738,175.0,bottom
C27,170.434845,-50.071519,215.0,bottom
C28,126.2,-49.102,270.0,top
C3,163.251993,-101.175008,225.0,top
C4,190.8,-105.127,45.0,top
C5,173.430256,-91.769178,45.0,top
C6,200.3,-101.127,315.0,top
C7,159.893685,-104.12884,40.0,top
C8,151.180926,-102.301861,310.0,top
C9,135.3,-77.852,270.0,top
D1,208.8,-115.127,225.0,top
D10,138.257199,-90.523537,225.0,bottom
D11,176.3,-68.127,125.0,bottom
D12,152.3,-49.627,310.0,bottom
D13,162.3,-44.127,355.0,bottom
D14,173.3,-46.627,40.0,bottom
D2,131.5125,-60.027,180.0,top
D3,139.8,-49.627,50.0,bottom
D4,115.675245,-66.611921,240.0,bottom
D5,150.248719,-90.805445,140.0,bottom
D6,127.8,-43.627,0.0,bottom
D7,125.94522,-78.174217,225.0,bottom
D8,164.3,-79.627,140.0,bottom
D9,115.8,-50.627,305.0,bottom
J2,197.065835,-127.552932,45.0,top
J4,178.3,-56.947,90.0,top
Q1,163.2375,-53.227,180.0,top
Q2,163.2375,-57.677,180.0,top
R1,163.269701,-90.495014,310.0,top
R10,124.0,-58.602,270.0,top
R11,123.9,-62.427,270.0,top
R12,135.3,-73.627,270.0,top
R13,126.475,-54.727,90.0,top
R14,140.975,-81.047,180.0,top
R15,130.3,-73.452,90.0,top
R16,135.075,-60.027,180.0,top
R17,158.3,-57.127,90.0,top
R18,167.699999,-51.652,270.0,top
R19,145.975,-54.127,0.0,bottom
R2,159.822502,-93.387557,130.0,top
R20,169.25,-59.122,270.0,top
R21,169.25,-55.447,270.0,top
R3,169.258325,-93.819788,225.0,top
R4,199.383362,-113.710363,315.0,top
R5,168.733022,-110.380268,225.0,top
R6,165.551043,-107.198287,225.0,top
R7,205.3,-111.627,45.0,top
R8,187.643637,-120.959161,135.0,top
R9,190.825617,-117.777182,135.0,top
SW1,172.516044,-114.870394,135.0,top
SW2,182.15433600307557,-80.77266399692444,135.0,top
SW3,147.65,-82.547,0.0,top
SW4,113.006,-58.627,270.0,top
U1,195.3,-107.627,45.0,top
U2,177.906243,-101.364616,315.0,top
U4,155.305787,-98.661197,310.0,top
U5,181.995666,-129.822666,315.0,top
U6,132.8,-54.427,0.0,top
U7,146.15,-72.567,0.0,top
U8,168.75,-65.447,0.0,top
U9,122.425,-47.377,180.0,top
